document,condition,precision_exact,recall_exact,f1_exact,precision_partial,recall_partial,f1_partial,taux_labels_retrouves,nb_paires_verite_terrain,nb_paires_predites
0000971160.png,original,0.0,0.0,0.0,0.1,0.125,0.111,0.286,8,10
0000989556.png,original,0.0,0.0,0.0,0.0,0.0,0.0,0.1,40,18
0000990274.png,original,0.0,0.0,0.0,0.125,0.077,0.095,0.091,13,8
0000999294.png,original,0.111,0.005,0.01,0.333,0.015,0.029,0.091,185,9
0001118259.png,original,0.0,0.0,0.0,0.0,0.0,0.0,0.0,23,1
0001123541.png,original,0.0,0.0,0.0,0.0,0.0,0.0,0.0,12,8
0001129658.png,original,0.0,0.0,0.0,0.1,0.071,0.083,0.222,13,10
0001209043.png,original,0.0,0.0,0.0,0.167,0.017,0.03,0.05,55,6
0001239897.png,original,0.0,0.0,0.0,0.0,0.0,0.0,0.0,26,1
0001438955.png,original,0.0,0.0,0.0,0.0,0.0,0.0,0.0,72,3
0001456787.png,original,0.0,0.0,0.0,0.0,0.0,0.0,0.0,50,5
0001463282.png,original,0.036,0.024,0.029,0.069,0.047,0.056,0.097,41,28
0001463448.png,original,0.0,0.0,0.0,0.0,0.0,0.0,0.0,6,1
0001476912.png,original,0.0,0.0,0.0,0.25,0.057,0.093,0.182,29,8
0001477983.png,original,0.0,0.0,0.0,0.0,0.0,0.0,0.0,10,13
0001485288.png,original,0.0,0.0,0.0,0.0,0.0,0.0,0.0,11,3
00040534.png,original,0.0,0.0,0.0,0.0,0.0,0.0,0.045,38,3
00070353.png,original,0.0,0.0,0.0,0.0,0.0,0.0,0.143,7,6
00093726.png,original,0.0,0.0,0.0,0.0,0.0,0.0,0.0,38,0
0011505151.png,original,0.167,0.059,0.087,0.333,0.118,0.174,0.118,17,6
0011838621.png,original,0.0,0.0,0.0,0.176,0.103,0.13,0.19,27,17
0011845203.png,original,0.0,0.0,0.0,0.111,0.111,0.111,0.222,9,9
0011856542.png,original,0.0,0.0,0.0,0.5,0.125,0.2,0.125,8,2
0011859695.png,original,0.0,0.0,0.0,0.5,0.091,0.154,0.111,11,2
0011899960.png,original,0.0,0.0,0.0,0.0,0.0,0.0,0.091,12,1
0011906503.png,original,0.0,0.0,0.0,0.0,0.0,0.0,0.071,21,6
0011973451.png,original,0.0,0.0,0.0,0.0,0.0,0.0,0.071,15,19
0011974919.png,original,0.0,0.0,0.0,0.4,0.273,0.324,0.4,22,15
0011976929.png,original,0.0,0.0,0.0,0.111,0.091,0.1,0.111,11,9
0012178355.png,original,0.0,0.0,0.0,0.167,0.111,0.133,0.222,9,6
0012199830.png,original,0.0,0.0,0.0,0.0,0.0,0.0,0.0,15,2
0012529284.png,original,0.042,0.037,0.039,0.111,0.111,0.111,0.2,27,24
0012529295.png,original,0.0,0.0,0.0,0.034,0.026,0.03,0.069,38,28
0012602424.png,original,0.0,0.0,0.0,0.111,0.071,0.087,0.19,26,18
0012947358.png,original,0.0,0.0,0.0,0.273,0.143,0.187,0.158,21,11
0013255595.png,original,0.0,0.0,0.0,0.0,0.0,0.0,0.0,3,2
00283813.png,original,0.0,0.0,0.0,0.0,0.0,0.0,0.0,26,8
0030031163.png,original,0.0,0.0,0.0,0.0,0.0,0.0,0.0,2,4
0030041455.png,original,0.0,0.0,0.0,0.0,0.0,0.0,0.0,6,3
0060000813.png,original,0.0,0.0,0.0,0.0,0.0,0.0,0.0,9,14
0060007216.png,original,0.0,0.0,0.0,0.0,0.0,0.0,0.0,18,4
0060024314.png,original,0.2,0.143,0.167,0.2,0.143,0.167,0.214,14,10
0060025670.png,original,0.0,0.0,0.0,0.0,0.0,0.0,0.0,0,4
0060029036.png,original,0.0,0.0,0.0,0.083,0.053,0.065,0.188,19,12
0060036622.png,original,0.5,0.059,0.105,1.0,0.118,0.211,0.2,17,2
0060068489.png,original,0.0,0.0,0.0,0.0,0.0,0.0,0.083,16,2
0060077689.png,original,0.2,0.037,0.062,0.2,0.037,0.062,0.059,27,5
0060080406.png,original,0.0,0.0,0.0,0.0,0.0,0.0,0.0,8,1
0060091229.png,original,0.091,0.5,0.154,0.091,0.5,0.154,0.5,2,11
0060094595.png,original,0.0,0.0,0.0,0.0,0.0,0.0,0.0,59,0
0060136394.png,original,0.0,0.0,0.0,0.0,0.0,0.0,0.0,9,2
0060165115.png,original,0.111,0.077,0.091,0.444,0.308,0.364,0.417,13,9
0060173256.png,original,0.0,0.0,0.0,0.0,0.0,0.0,0.0,17,0
0060207528.png,original,0.0,0.0,0.0,0.1,0.059,0.074,0.176,17,10
0060214859.png,original,0.0,0.0,0.0,0.25,0.05,0.083,0.154,20,4
0060255888.png,original,0.0,0.0,0.0,0.0,0.0,0.0,0.375,12,8
0060262650.png,original,0.0,0.0,0.0,0.25,0.033,0.059,0.083,28,4
0060270727.png,original,0.0,0.0,0.0,0.056,0.048,0.051,0.048,21,18
0060302201.png,original,0.0,0.0,0.0,0.0,0.0,0.0,0.0,16,9
0060308251.png,original,0.0,0.0,0.0,1.0,0.125,0.222,0.143,8,1
0060308461.png,original,0.077,0.036,0.049,0.154,0.071,0.098,0.071,28,13
0071032790.png,original,0.0,0.0,0.0,0.222,0.167,0.19,0.182,12,9
0071032807.png,original,0.0,0.0,0.0,0.0,0.0,0.0,0.0,8,0
00836244.png,original,0.0,0.0,0.0,0.0,0.0,0.0,0.0,42,1
00836816.png,original,0.0,0.0,0.0,0.0,0.0,0.0,0.0,9,2
00837285.png,original,0.0,0.0,0.0,0.0,0.0,0.0,0.0,43,4
00838511_00838525.png,original,0.0,0.0,0.0,0.0,0.0,0.0,0.0,7,0
00851772_1780.png,original,0.0,0.0,0.0,0.0,0.0,0.0,0.0,8,0
00851879.png,original,0.167,0.143,0.154,0.333,0.25,0.286,0.167,7,6
00860012_00860014.png,original,0.0,0.0,0.0,0.0,0.0,0.0,0.0,13,5
00865872.png,original,0.0,0.0,0.0,0.0,0.0,0.0,0.0,15,0
00866042.png,original,0.0,0.0,0.0,0.0,0.0,0.0,0.083,12,6
00920222.png,original,0.0,0.0,0.0,0.2,0.077,0.111,0.154,13,5
00920294.png,original,0.167,0.067,0.095,0.167,0.067,0.095,0.214,15,6
00922237.png,original,0.0,0.0,0.0,0.5,0.1,0.167,0.1,10,2
01073843.png,original,0.0,0.0,0.0,0.0,0.0,0.0,0.0,66,2
01122115.png,original,0.0,0.0,0.0,0.143,0.022,0.038,0.047,45,7
01150773_01150774.png,original,0.667,0.444,0.533,0.667,0.444,0.533,0.5,9,6
01191071_1072.png,original,0.2,0.125,0.154,0.8,0.5,0.615,0.5,8,5
01197604.png,original,0.0,0.0,0.0,0.0,0.0,0.0,0.0,13,5
01408099_01408101.png,original,0.0,0.0,0.0,0.0,0.0,0.0,0.2,8,6
11508234.png,original,0.0,0.0,0.0,0.083,0.051,0.063,0.107,36,24
11875011.png,original,0.111,0.2,0.143,0.091,0.2,0.125,0.2,5,9
12052385.png,original,0.25,0.167,0.2,0.5,0.333,0.4,0.333,6,4
12603270.png,original,0.0,0.0,0.0,0.048,0.043,0.045,0.158,21,21
12825369.png,original,0.0,0.0,0.0,0.25,0.059,0.095,0.077,16,4
13149651.png,original,0.0,0.0,0.0,0.0,0.0,0.0,0.0,11,2
660978.png,original,0.091,0.091,0.091,0.455,0.455,0.455,0.6,11,11
71108371.png,original,0.0,0.0,0.0,0.067,0.071,0.069,0.083,14,15
71190280.png,original,0.0,0.0,0.0,0.0,0.0,0.0,0.1,12,4
71202511.png,original,0.091,0.071,0.08,0.091,0.069,0.078,0.13,28,22
71206427.png,original,0.077,0.083,0.08,0.385,0.417,0.4,0.714,12,13
71341634.png,original,0.0,0.0,0.0,0.0,0.0,0.0,0.042,32,2
71366499.png,original,0.0,0.0,0.0,0.0,0.0,0.0,0.2,11,3
71563825.png,original,0.0,0.0,0.0,0.294,0.192,0.233,0.278,26,17
71601299.png,original,0.0,0.0,0.0,0.1,0.059,0.074,0.154,17,10
716552.png,original,0.0,0.0,0.0,0.111,0.042,0.061,0.176,22,9
80310840a.png,original,0.0,0.0,0.0,0.0,0.0,0.0,0.0,18,15
80707440_7443.png,original,0.0,0.0,0.0,0.375,0.25,0.3,0.333,12,8
80718412_8413.png,original,0.0,0.0,0.0,0.222,0.182,0.2,0.182,11,9
80728670.png,original,0.0,0.0,0.0,0.2,0.083,0.118,0.2,12,5
81186212.png,original,0.0,0.0,0.0,0.0,0.0,0.0,0.0,0,6
81310636.png,original,0.0,0.0,0.0,0.0,0.0,0.0,0.0,9,3
81574683.png,original,0.0,0.0,0.0,0.5,0.019,0.036,0.025,54,2
81619486_9488.png,original,0.0,0.0,0.0,0.071,0.053,0.061,0.3,19,14
81619511_9513.png,original,0.0,0.0,0.0,0.0,0.0,0.0,0.375,36,14
81749056_9057.png,original,0.0,0.0,0.0,0.0,0.0,0.0,0.176,39,8
82254638.png,original,0.0,0.0,0.0,0.182,0.083,0.114,0.105,20,11
87533049.png,original,0.0,0.0,0.0,0.25,0.095,0.138,0.095,21,8
87672097.png,original,0.0,0.0,0.0,0.0,0.0,0.0,0.0,35,2
87682908.png,original,0.0,0.0,0.0,0.0,0.0,0.0,0.0,3,9
88057519.png,original,0.0,0.0,0.0,0.0,0.0,0.0,0.0,2,1
88547278_88547279.png,original,0.143,0.125,0.133,0.214,0.188,0.2,0.188,16,14
89368010.png,original,0.0,0.0,0.0,0.0,0.0,0.0,0.062,20,5
89386032.png,original,0.0,0.0,0.0,0.0,0.0,0.0,0.0,6,1
89817999_8002.png,original,0.1,0.083,0.091,0.3,0.25,0.273,0.3,12,10
89867723.png,original,0.125,0.071,0.091,0.125,0.059,0.08,0.167,14,8
91104867.png,original,0.0,0.0,0.0,0.0,0.0,0.0,0.0,32,3
91161344_91161347.png,original,0.0,0.0,0.0,0.0,0.0,0.0,0.02,66,5
91315069_91315070.png,original,0.0,0.0,0.0,0.222,0.667,0.333,0.667,3,9
91355841.png,original,0.0,0.0,0.0,0.0,0.0,0.0,0.0,24,1
91356315.png,original,0.0,0.0,0.0,0.0,0.0,0.0,0.0,24,6
91361993.png,original,0.0,0.0,0.0,0.0,0.0,0.0,0.0,5,3
91372360.png,original,0.091,0.091,0.091,0.091,0.091,0.091,0.429,11,11
91391286.png,original,0.182,0.1,0.129,0.273,0.15,0.194,0.15,20,11
91391310.png,original,0.167,0.118,0.138,0.25,0.176,0.207,0.176,17,12
91581919.png,original,0.0,0.0,0.0,0.0,0.0,0.0,0.062,17,3
91856041_6049.png,original,0.0,0.0,0.0,0.0,0.0,0.0,0.0,9,13
91903177.png,original,0.0,0.0,0.0,0.0,0.0,0.0,0.5,2,14
91914407.png,original,0.182,0.286,0.222,0.364,0.571,0.444,0.5,7,11
91939637.png,original,0.091,0.167,0.118,0.182,0.333,0.235,0.2,6,11
91974562.png,original,0.182,0.125,0.148,0.273,0.188,0.222,0.188,16,11
92039708_9710.png,original,0.0,0.0,0.0,0.333,0.333,0.333,0.667,3,3
92081358_1359.png,original,0.0,0.0,0.0,0.182,0.054,0.083,0.05,37,11
92091873.png,original,0.0,0.0,0.0,0.0,0.0,0.0,0.037,35,12
92094746.png,original,0.0,0.0,0.0,0.167,0.118,0.138,0.167,14,12
92094751.png,original,0.0,0.0,0.0,0.154,0.095,0.118,0.143,19,13
92298125.png,original,0.167,0.25,0.2,0.333,0.5,0.4,0.75,4,6
92314414.png,original,0.0,0.0,0.0,0.0,0.0,0.0,0.0,9,6
92327794.png,original,0.2,0.2,0.2,0.2,0.2,0.2,0.2,5,5
92433599_92433601.png,original,0.0,0.0,0.0,0.143,0.083,0.105,0.083,12,7
92586242.png,original,0.0,0.0,0.0,0.0,0.0,0.0,0.0,9,13
92657311_7313.png,original,0.0,0.0,0.0,0.222,0.2,0.211,0.3,10,9
92657391.png,original,0.059,0.067,0.062,0.235,0.267,0.25,0.625,15,17
93213298.png,original,0.0,0.0,0.0,0.0,0.0,0.0,0.0,25,11
93329540.png,original,0.0,0.0,0.0,0.083,0.034,0.049,0.333,29,12
93351929_93351931.png,original,0.25,0.19,0.216,0.312,0.238,0.27,0.316,21,16
93380187.png,original,0.0,0.0,0.0,0.0,0.0,0.0,0.0,41,11
93455715.png,original,0.0,0.0,0.0,0.143,0.037,0.059,0.167,27,7
