document,degradation,level,nb_mots_verite_terrain,nb_mots_ocr,cer,wer,taux_mots_detectes,taux_mots_manquants
0000971160.png,aucune,original,145,127,0.1589958158995816,0.35172413793103446,0.7327586206896551,0.26724137931034486
0000989556.png,aucune,original,232,212,0.6273421235253296,0.8060344827586207,0.5900621118012422,0.40993788819875776
0000990274.png,aucune,original,132,98,0.36560693641618497,0.5227272727272727,0.58,0.42000000000000004
0000999294.png,aucune,original,295,276,0.8428571428571429,0.9864406779661017,0.4794520547945205,0.5205479452054795
0001118259.png,aucune,original,90,53,0.497907949790795,0.7666666666666667,0.3333333333333333,0.6666666666666667
0001123541.png,aucune,original,189,145,0.4380639868744873,0.5873015873015873,0.4810126582278481,0.5189873417721519
0001129658.png,aucune,original,244,192,0.38033012379642367,0.5819672131147541,0.505,0.495
0001209043.png,aucune,original,145,139,0.7512019230769231,0.9103448275862069,0.7086614173228346,0.2913385826771654
0001239897.png,aucune,original,133,82,0.7220812182741116,0.8796992481203008,0.1595744680851064,0.8404255319148937
0001438955.png,aucune,original,144,110,0.7834912043301759,0.9583333333333334,0.4297520661157025,0.5702479338842975
0001456787.png,aucune,original,167,136,0.4485294117647059,0.7425149700598802,0.4842105263157895,0.5157894736842106
0001463282.png,aucune,original,218,192,0.6764934057408845,0.8761467889908257,0.5379746835443038,0.4620253164556962
0001463448.png,aucune,original,121,102,0.1783625730994152,0.4049586776859504,0.8157894736842105,0.1842105263157895
0001476912.png,aucune,original,96,91,0.7390476190476191,0.875,0.6071428571428571,0.3928571428571429
0001477983.png,aucune,original,289,251,0.5223961144090664,0.6747404844290658,0.7052631578947368,0.2947368421052632
0001485288.png,aucune,original,100,92,0.30952380952380953,0.54,0.7126436781609196,0.28735632183908044
00040534.png,aucune,original,214,200,0.6610738255033557,0.8317757009345794,0.4482758620689655,0.5517241379310345
00070353.png,aucune,original,126,113,0.2704714640198511,0.4444444444444444,0.6355140186915887,0.36448598130841126
00093726.png,aucune,original,232,211,0.6814486326681448,0.8189655172413793,0.6012269938650306,0.39877300613496935
0011505151.png,aucune,original,93,77,0.625,0.8172043010752689,0.4567901234567901,0.5432098765432098
0011838621.png,aucune,original,164,154,0.6258637709772952,0.7621951219512195,0.5772357723577236,0.4227642276422764
0011845203.png,aucune,original,165,140,0.6913086913086913,0.8181818181818182,0.7350427350427351,0.2649572649572649
0011856542.png,aucune,original,87,89,0.225177304964539,0.3793103448275862,0.8076923076923077,0.1923076923076923
0011859695.png,aucune,original,128,119,0.40272614622057,0.6484375,0.5221238938053098,0.47787610619469023
0011899960.png,aucune,original,117,113,0.2175,0.452991452991453,0.6728971962616822,0.3271028037383178
0011906503.png,aucune,original,242,252,0.5402010050251256,0.7107438016528925,0.7374301675977654,0.26256983240223464
0011973451.png,aucune,original,124,110,0.4475955610357583,0.6774193548387096,0.5327102803738317,0.4672897196261683
0011974919.png,aucune,original,108,104,0.4114441416893733,0.6388888888888888,0.7128712871287128,0.28712871287128716
0011976929.png,aucune,original,80,75,0.24197002141327623,0.4125,0.7323943661971831,0.2676056338028169
0012178355.png,aucune,original,151,140,0.390359168241966,0.6158940397350994,0.6454545454545455,0.3545454545454545
0012199830.png,aucune,original,83,64,0.36983471074380164,0.6024096385542169,0.4857142857142857,0.5142857142857142
0012529284.png,aucune,original,218,176,0.668936170212766,0.7844036697247706,0.6114649681528662,0.3885350318471338
0012529295.png,aucune,original,254,199,0.6271899088997898,0.8346456692913385,0.5080213903743316,0.4919786096256684
0012602424.png,aucune,original,219,165,0.6264,0.7808219178082192,0.4662576687116564,0.5337423312883436
0012947358.png,aucune,original,288,270,0.514460511679644,0.7291666666666666,0.5607476635514018,0.4392523364485982
0013255595.png,aucune,original,34,30,0.42857142857142855,0.5294117647058824,0.5882352941176471,0.4117647058823529
00283813.png,aucune,original,165,214,0.7592954990215264,1.0303030303030303,0.6454545454545455,0.3545454545454545
0030031163.png,aucune,original,131,130,0.28232189973614774,0.3816793893129771,0.8585858585858586,0.14141414141414144
0030041455.png,aucune,original,64,59,0.0856269113149847,0.328125,0.7358490566037735,0.26415094339622647
0060000813.png,aucune,original,105,106,0.7082152974504249,0.7714285714285715,0.671875,0.328125
0060007216.png,aucune,original,84,78,0.6517509727626459,0.7380952380952381,0.726027397260274,0.273972602739726
0060024314.png,aucune,original,106,97,0.3451443569553806,0.5660377358490566,0.6292134831460674,0.3707865168539326
0060025670.png,aucune,original,46,46,0.2360248447204969,0.32608695652173914,0.813953488372093,0.18604651162790697
0060029036.png,aucune,original,137,129,0.5746714456391876,0.6934306569343066,0.7433628318584071,0.2566371681415929
0060036622.png,aucune,original,150,123,0.26365795724465557,0.4533333333333333,0.6964285714285714,0.3035714285714286
0060068489.png,aucune,original,225,220,0.5417808219178082,0.6088888888888889,0.6596858638743456,0.3403141361256544
0060077689.png,aucune,original,202,135,0.6368243243243243,0.8316831683168316,0.3710691823899371,0.628930817610063
0060080406.png,aucune,original,182,155,0.5847234416154522,0.7582417582417582,0.474025974025974,0.525974025974026
0060091229.png,aucune,original,99,98,0.12745098039215685,0.4444444444444444,0.6470588235294118,0.3529411764705882
0060094595.png,aucune,original,139,129,0.8180494905385735,0.9496402877697842,0.27184466019417475,0.7281553398058253
0060136394.png,aucune,original,85,45,0.5816876122082585,0.7647058823529411,0.29333333333333333,0.7066666666666667
0060165115.png,aucune,original,104,88,0.6614173228346457,0.8653846153846154,0.358695652173913,0.6413043478260869
0060173256.png,aucune,original,62,32,0.7894736842105263,0.9193548387096774,0.37777777777777777,0.6222222222222222
0060207528.png,aucune,original,176,175,0.4114285714285714,0.6136363636363636,0.5912408759124088,0.4087591240875912
0060214859.png,aucune,original,133,103,0.44523470839260315,0.6842105263157895,0.49523809523809526,0.5047619047619047
0060255888.png,aucune,original,134,116,0.27020506634499397,0.44776119402985076,0.6826923076923077,0.3173076923076923
0060262650.png,aucune,original,225,209,0.5213730569948186,0.6488888888888888,0.6473988439306358,0.35260115606936415
0060270727.png,aucune,original,172,118,0.5868814729574223,0.8546511627906976,0.6330275229357798,0.3669724770642202
0060302201.png,aucune,original,168,176,0.21390374331550802,0.5059523809523809,0.65,0.35
0060308251.png,aucune,original,46,38,0.5286343612334802,0.782608695652174,0.45454545454545453,0.5454545454545454
0060308461.png,aucune,original,153,118,0.5827956989247312,0.869281045751634,0.6,0.4
0071032790.png,aucune,original,79,86,0.45807770961145194,0.5822784810126582,0.7846153846153846,0.2153846153846154
0071032807.png,aucune,original,68,68,0.2411504424778761,0.4117647058823529,0.7377049180327869,0.2622950819672131
00836244.png,aucune,original,181,123,0.6895833333333333,0.8287292817679558,0.25,0.75
00836816.png,aucune,original,175,126,0.2804284323271665,0.4228571428571429,0.5615384615384615,0.43846153846153846
00837285.png,aucune,original,223,221,0.5274151436031331,0.6053811659192825,0.49390243902439024,0.5060975609756098
00838511_00838525.png,aucune,original,61,41,0.39097744360902253,0.45901639344262296,0.5555555555555556,0.4444444444444444
00851772_1780.png,aucune,original,109,91,0.5117241379310344,0.6513761467889908,0.5434782608695652,0.4565217391304348
00851879.png,aucune,original,139,140,0.7405281285878301,0.8848920863309353,0.8392857142857143,0.1607142857142857
00860012_00860014.png,aucune,original,194,179,0.641965678627145,0.7577319587628866,0.4879518072289157,0.5120481927710843
00865872.png,aucune,original,137,67,0.5819397993311036,0.6058394160583942,0.44545454545454544,0.5545454545454546
00866042.png,aucune,original,193,181,0.6555059523809523,0.7668393782383419,0.5521472392638037,0.4478527607361963
00920222.png,aucune,original,178,152,0.3842412451361868,0.5617977528089888,0.6713286713286714,0.32867132867132864
00920294.png,aucune,original,92,71,0.6586345381526104,0.8478260869565217,0.5487804878048781,0.4512195121951219
00922237.png,aucune,original,161,119,0.5150925024342746,0.6770186335403726,0.45112781954887216,0.5488721804511278
01073843.png,aucune,original,171,155,0.7563981042654029,0.8947368421052632,0.39864864864864863,0.6013513513513513
01122115.png,aucune,original,282,245,0.6707938820101966,0.7801418439716312,0.6354166666666666,0.36458333333333337
01150773_01150774.png,aucune,original,161,79,0.7232580961727183,0.8819875776397516,0.3382352941176471,0.6617647058823529
01191071_1072.png,aucune,original,60,58,0.47757255936675463,0.6,0.7543859649122807,0.24561403508771928
01197604.png,aucune,original,95,54,0.6306913996627319,0.7789473684210526,0.27058823529411763,0.7294117647058824
01408099_01408101.png,aucune,original,131,131,0.6002430133657352,0.7938931297709924,0.6428571428571429,0.3571428571428571
11508234.png,aucune,original,233,207,0.7269049224544841,0.8755364806866953,0.6206896551724138,0.3793103448275862
11875011.png,aucune,original,177,176,0.1815856777493606,0.24293785310734464,0.8869565217391304,0.11304347826086958
12052385.png,aucune,original,55,41,0.683076923076923,0.7818181818181819,0.5283018867924528,0.4716981132075472
12603270.png,aucune,original,150,153,0.7367886178861789,0.9,0.6153846153846154,0.3846153846153846
12825369.png,aucune,original,205,196,0.3553459119496855,0.45365853658536587,0.7988165680473372,0.20118343195266275
13149651.png,aucune,original,325,194,0.7466266866566716,0.9723076923076923,0.2403846153846154,0.7596153846153846
660978.png,aucune,original,106,94,0.5721231766612642,0.6981132075471698,0.7078651685393258,0.2921348314606742
71108371.png,aucune,original,266,283,0.5343000557724484,0.706766917293233,0.8404255319148937,0.15957446808510634
71190280.png,aucune,original,66,78,0.7494553376906318,0.9696969696969697,0.6428571428571429,0.3571428571428571
71202511.png,aucune,original,213,194,0.5279693486590038,0.7370892018779343,0.625,0.375
71206427.png,aucune,original,61,69,0.3731958762886598,0.5409836065573771,0.9259259259259259,0.07407407407407407
71341634.png,aucune,original,243,201,0.7960479887085392,0.9835390946502057,0.1941747572815534,0.8058252427184466
71366499.png,aucune,original,71,51,0.720626631853786,0.8873239436619719,0.38181818181818183,0.6181818181818182
71563825.png,aucune,original,240,224,0.35714285714285715,0.5833333333333334,0.6411764705882353,0.35882352941176465
71601299.png,aucune,original,248,242,0.17376373626373626,0.3064516129032258,0.7987012987012987,0.2012987012987013
716552.png,aucune,original,219,186,0.49922600619195046,0.7168949771689498,0.45695364238410596,0.543046357615894
80310840a.png,aucune,original,210,148,0.5101427498121713,0.7571428571428571,0.4484848484848485,0.5515151515151515
80707440_7443.png,aucune,original,179,165,0.27634194831013914,0.3687150837988827,0.7202797202797203,0.2797202797202797
80718412_8413.png,aucune,original,83,72,0.6118811881188119,0.8072289156626506,0.5151515151515151,0.48484848484848486
80728670.png,aucune,original,119,103,0.2927536231884058,0.48739495798319327,0.631578947368421,0.368421052631579
81186212.png,aucune,original,62,61,0.16083916083916083,0.1935483870967742,0.9473684210526315,0.052631578947368474
81310636.png,aucune,original,73,70,0.4895397489539749,0.684931506849315,0.6607142857142857,0.3392857142857143
81574683.png,aucune,original,231,208,0.6098939929328622,0.7445887445887446,0.6594594594594595,0.3405405405405405
81619486_9488.png,aucune,original,154,107,0.5914438502673797,0.7597402597402597,0.5444444444444444,0.4555555555555556
81619511_9513.png,aucune,original,206,186,0.5655114116652579,0.8495145631067961,0.31343283582089554,0.6865671641791045
81749056_9057.png,aucune,original,184,121,0.5975485188968335,0.7445652173913043,0.4496124031007752,0.5503875968992248
82254638.png,aucune,original,139,140,0.5492788461538461,0.8201438848920863,0.5384615384615384,0.46153846153846156
87533049.png,aucune,original,110,97,0.46570972886762363,0.7454545454545455,0.5053763440860215,0.4946236559139785
87672097.png,aucune,original,206,167,0.7111111111111111,0.8689320388349514,0.3902439024390244,0.6097560975609756
87682908.png,aucune,original,125,117,0.5752212389380531,0.696,0.7142857142857143,0.2857142857142857
88057519.png,aucune,original,37,31,0.4936708860759494,0.6756756756756757,0.5588235294117647,0.4411764705882353
88547278_88547279.png,aucune,original,133,186,0.652962515114873,1.0,0.6097560975609756,0.3902439024390244
89368010.png,aucune,original,150,128,0.44384449244060475,0.6066666666666667,0.6880733944954128,0.3119266055045872
89386032.png,aucune,original,92,97,0.2795031055900621,0.3804347826086957,0.8481012658227848,0.15189873417721522
89817999_8002.png,aucune,original,155,161,0.2906610703043022,0.38064516129032255,0.84251968503937,0.15748031496062997
89867723.png,aucune,original,205,179,0.35948759007205766,0.526829268292683,0.639751552795031,0.36024844720496896
91104867.png,aucune,original,87,119,1.0,1.3218390804597702,0.5733333333333334,0.42666666666666664
91161344_91161347.png,aucune,original,254,224,0.7165021156558533,0.8858267716535433,0.5684931506849316,0.43150684931506844
91315069_91315070.png,aucune,original,81,78,0.3557483731019523,0.5061728395061729,0.7391304347826086,0.26086956521739135
91355841.png,aucune,original,94,55,0.6571969696969697,0.7978723404255319,0.4852941176470588,0.5147058823529411
91356315.png,aucune,original,100,61,0.5404040404040404,0.75,0.4189189189189189,0.5810810810810811
91361993.png,aucune,original,108,51,0.6443298969072165,0.7407407407407407,0.38961038961038963,0.6103896103896104
91372360.png,aucune,original,136,122,0.3850129198966408,0.5588235294117647,0.5862068965517241,0.4137931034482759
91391286.png,aucune,original,99,106,0.463855421686747,0.7676767676767676,0.651685393258427,0.348314606741573
91391310.png,aucune,original,88,85,0.6130573248407644,0.6931818181818182,0.7215189873417721,0.2784810126582279
91581919.png,aucune,original,157,154,0.3140495867768595,0.37579617834394907,0.7868852459016393,0.21311475409836067
91856041_6049.png,aucune,original,76,60,0.4448979591836735,0.6710526315789473,0.47692307692307695,0.523076923076923
91903177.png,aucune,original,106,93,0.4383561643835616,0.6886792452830188,0.7066666666666667,0.29333333333333333
91914407.png,aucune,original,109,98,0.3037974683544304,0.44036697247706424,0.7191011235955056,0.2808988764044944
91939637.png,aucune,original,133,131,0.39149888143176736,0.5037593984962406,0.8155339805825242,0.18446601941747576
91974562.png,aucune,original,107,86,0.34408602150537637,0.5420560747663551,0.6086956521739131,0.3913043478260869
92039708_9710.png,aucune,original,77,54,0.32574031890660593,0.7142857142857143,0.31746031746031744,0.6825396825396826
92081358_1359.png,aucune,original,157,152,0.3258426966292135,0.5414012738853503,0.696,0.30400000000000005
92091873.png,aucune,original,214,197,0.43237250554323725,0.6728971962616822,0.608433734939759,0.39156626506024095
92094746.png,aucune,original,152,142,0.5568927789934355,0.6842105263157895,0.65,0.35
92094751.png,aucune,original,194,171,0.4745470232959448,0.6082474226804123,0.6283783783783784,0.3716216216216216
92298125.png,aucune,original,140,121,0.33248730964467005,0.4642857142857143,0.6695652173913044,0.33043478260869563
92314414.png,aucune,original,240,236,0.2257834757834758,0.325,0.8294117647058824,0.1705882352941176
92327794.png,aucune,original,77,61,0.5401785714285714,0.6103896103896104,0.5588235294117647,0.4411764705882353
92433599_92433601.png,aucune,original,142,123,0.28052805280528054,0.4014084507042254,0.7213114754098361,0.2786885245901639
92586242.png,aucune,original,81,71,0.43,0.7654320987654321,0.463768115942029,0.536231884057971
92657311_7313.png,aucune,original,107,87,0.440625,0.5981308411214953,0.7142857142857143,0.2857142857142857
92657391.png,aucune,original,131,124,0.4236111111111111,0.6259541984732825,0.6909090909090909,0.3090909090909091
93213298.png,aucune,original,186,185,0.42328042328042326,0.6129032258064516,0.7829457364341085,0.21705426356589153
93329540.png,aucune,original,115,116,0.43890675241157556,0.6695652173913044,0.7586206896551724,0.24137931034482762
93351929_93351931.png,aucune,original,111,103,0.5464333781965006,0.7117117117117117,0.7142857142857143,0.2857142857142857
93380187.png,aucune,original,152,107,0.5955176093916755,0.8223684210526315,0.45217391304347826,0.5478260869565217
93455715.png,aucune,original,143,102,0.411543287327478,0.5944055944055944,0.7954545454545454,0.20454545454545459
